{
  "name": "roadtrip-mosaic-map",
  "version": "0.1.0",
  "private": true,
  "type": "module",
  "scripts": {
    "dev": "vite",
    "build": "vite build",
    "preview": "vite preview"
  },
  "dependencies": {
    "@supabase/supabase-js": "^2.45.4",
    "leaflet": "^1.9.4",
    "photoswipe": "^5.4.4",
    "react": "^18.2.0",
    "react-dom": "^18.2.0",
    "react-leaflet": "^4.2.1"
  },
  "devDependencies": {
    "@types/leaflet": "^1.9.12",
    "@vitejs/plugin-react": "^4.2.0",
    "vite": "^5.3.1"
  }
}











